"wid";"uid";"pid";"wish_time"
"38";"35";"57";"2023-07-29 15:57:45"
"39";"35";"72";"2023-07-29 15:58:21"
"40";"35";"101";"2023-07-29 15:58:35"
"41";"30";"47";"2023-07-29 16:07:31"
"42";"30";"66";"2023-07-29 16:07:39"
"43";"30";"89";"2023-07-29 16:07:48"
"44";"30";"115";"2023-07-29 16:07:54"
"45";"23";"54";"2023-07-29 17:24:31"
"46";"23";"63";"2023-07-29 17:24:46"
"47";"23";"40";"2023-07-29 17:24:51"
"48";"23";"112";"2023-07-29 17:25:06"
"49";"23";"74";"2023-07-29 17:25:11"
"50";"23";"85";"2023-07-29 17:25:23"
"51";"32";"104";"2023-07-29 18:46:50"
"52";"32";"126";"2023-07-29 18:47:00"
"53";"32";"114";"2023-07-29 18:47:25"
"61";"33";"72";"2023-07-29 18:56:07"
"62";"33";"58";"2023-07-29 18:56:14"
"63";"33";"80";"2023-07-29 18:56:21"
"64";"33";"93";"2023-07-29 18:56:28"
"65";"33";"103";"2023-07-29 18:56:34"
"66";"33";"127";"2023-07-29 18:56:51"
"67";"35";"99";"2023-07-29 18:58:02"
"68";"35";"113";"2023-07-29 18:58:09"
"69";"35";"100";"2023-07-29 18:58:25"
"70";"35";"82";"2023-07-29 18:58:35"
"71";"35";"41";"2023-07-29 18:58:38"
"72";"41";"37";"2023-07-29 19:01:33"
"73";"41";"78";"2023-07-29 19:01:39"
"74";"41";"75";"2023-07-29 19:01:44"
"75";"41";"107";"2023-07-29 19:01:53"
"76";"41";"128";"2023-07-29 19:02:01"
"77";"41";"103";"2023-07-29 19:02:11"
"78";"44";"67";"2023-07-29 19:06:21"
